Currency,Rates
exc_r2d,0.012584890695484064
exc_r2e,0.012392802260447134
exc_d2r,79.46036435253569
exc_e2r,80.692
exc_d2e,0.9847365829640571
exc_e2d,1.0155
